timestamp,ch0,ch1,ch2,ch3,ch4,ch5,ch6,ch7,derived_stage,derived_value
1757660053.598794,0.51147527,-0.87166643,0.48229092,0.36381018,-0.90097827,0.630189,0.1556586,-0.85116214,yt,116.41336059570312
1757660053.684835,-0.53721,0.80549747,0.31400746,-0.8855682,-0.09615657,0.90285766,-0.1668067,-0.85761297,yt,12.63846492767334
1757660053.7786436,-0.90643275,-0.45020095,0.16743524,0.7204661,0.89886516,0.69179785,0.1167628,-0.45315582,yt,11.070392608642578
1757660053.8669422,-0.021949844,0.016562719,-0.021265525,0.04567117,-0.05931733,0.11012771,-0.13387668,0.12453352,yt,8.984548568725586
1757660053.967359,0.8471297,0.4322676,-0.19536777,-0.74468094,-0.87556535,-0.523671,0.109140486,0.6619284,yt,78.14935302734375
1757660054.0559764,0.5087891,-0.7822578,-0.38709006,0.8626148,0.24564798,-0.88652194,-0.055328052,0.89083856,yt,54.96211624145508
1757660054.152323,-0.49698222,0.89670414,-0.5267913,-0.25298437,0.8454117,-0.76633984,0.03569868,0.66333395,yt,10.717374801635742
1757660054.2622206,-0.82849914,-0.7938169,-0.6385326,-0.54554874,-0.3598138,-0.19485712,-0.026797254,0.14392313,yt,12.076577186584473
1757660054.350461,0.033429306,0.4816025,-0.7549689,0.91840297,-0.7843535,0.4756169,-0.003010506,-0.46515948,yt,8.695874214172363
1757660054.4402053,0.83269423,0.0044963495,-0.8608496,-0.5359165,0.55043095,0.8460899,0.012101978,-0.8435308,yt,177.34173583984375
1757660054.5297778,0.54635274,-0.46947062,-0.9230014,-0.2841863,0.7178055,0.7703351,-0.024005378,-0.85339314,yt,27.32105255126953
1757660054.6272936,-0.5122185,0.7671723,-0.90476215,0.82623047,-0.61333466,0.315332,0.058147714,-0.40668985,yt,8.9365816116333
1757660054.7286894,-0.8731717,-0.8951082,-0.88030237,-0.768762,-0.57071155,-0.37731212,-0.13146591,0.17761862,yt,10.170985221862793
1757660054.8237782,0.034433726,0.73598397,-0.7741636,0.05013284,0.72467387,-0.82892764,0.10611836,0.70219463,yt,8.777974128723145
1757660054.9341366,0.863208,-0.41022345,-0.68645304,0.6952931,0.4213869,-0.83448094,-0.15340212,0.8983947,yt,318.3962707519531
1757660055.0344687,0.5675383,-0.006490778,-0.5699208,-0.8942951,-0.8098479,-0.3866321,0.099138096,0.705921,yt,14.556407928466797
1757660055.1454344,-0.5197339,0.48009032,-0.4655342,0.35883954,-0.30889934,0.23484576,-0.19582632,0.06956408,yt,8.878304481506348
1757660055.2493598,-0.84988374,-0.803142,-0.28001586,0.42395666,0.87743264,0.77847946,0.21569173,-0.4527336,yt,8.838726043701172
1757660055.3509545,0.008427651,0.93471545,-0.06953172,-0.9087563,0.13823596,0.90029204,-0.22747906,-0.8295122,yt,8.662357330322266
1757660055.461529,0.8591188,-0.7813478,0.104059026,0.6143572,-0.8756595,0.52184117,0.24820434,-0.8451378,yt,370.75030517578125
1757660055.5706925,0.5048721,0.390351,0.2905118,0.15215938,-0.004853883,-0.09930694,-0.23324317,-0.39701432,yt,10.892949104309082
1757660055.6686876,-0.5243553,0.053338517,0.41151237,-0.78054327,0.88378453,-0.7517879,0.29443347,0.24987078,yt,11.634674072265625
1757660055.7648158,-0.8388001,-0.51243585,0.60599804,0.83228844,-0.17408617,-0.8993563,-0.2991567,0.72475106,yt,9.102078437805176
1757660055.8714492,0.0041366587,0.80399096,0.71523476,-0.15549663,-0.8523164,-0.5685057,0.32304114,0.9082324,yt,9.377265930175781
1757660055.966693,0.8576974,-0.90995955,0.84047085,-0.6245366,0.31737843,0.03977159,-0.36454374,0.62556803,yt,293.69927978515625
1757660056.0658026,0.5206468,0.76761186,0.8202833,0.89982426,0.828813,0.65013725,0.3804999,0.08682497,yt,9.901325225830078
1757660056.1635823,-0.5251604,-0.38416433,0.92376465,-0.5029563,-0.46353352,0.8796514,-0.37490627,-0.5213388,yt,16.326520919799805
1757660056.2610009,-0.88886213,-0.045179434,0.90951145,-0.37244418,-0.72212344,0.714469,0.42120337,-0.86565185,yt,11.82795524597168
1757660056.37753,-0.004527068,0.5412445,0.86671174,0.8657119,0.59516984,0.12149068,-0.4321108,-0.80008054,yt,12.99657917022705
1757660056.4706838,0.85996056,-0.8249548,0.7839092,-0.7047158,0.6449561,-0.5485026,0.4401606,-0.38575205,yt,148.4307861328125
1757660056.566039,0.534622,0.88596135,0.65455216,-0.00086327584,-0.6967103,-0.9048498,-0.4588754,0.22599486,yt,10.86263656616211
1757660056.6651263,-0.55707353,-0.7619276,0.51741874,0.7274726,-0.532249,-0.7390782,0.48677668,0.7302199,yt,19.0180606842041
1757660056.8074324,-0.8495143,0.3753891,0.35602677,-0.8527478,0.78244036,-0.19111957,-0.5265414,0.9017583,yt,17.322126388549805
1757660056.9618325,-0.0076852352,0.083826385,0.21129994,0.24747856,0.37334237,0.42978606,0.4883672,0.61687195,yt,22.880828857421875
1757660057.0871587,0.8803532,-0.5394453,0.045801025,0.5340437,-0.8707278,0.88336605,-0.5362646,0.018064855,yt,67.84180450439453
1757660057.220406,0.53711504,0.83807224,-0.18496859,-0.8881187,-0.19392005,0.79730237,0.5341483,-0.55225897,yt,15.334626197814941
1757660057.3607733,-0.5371056,-0.8856689,-0.39301166,0.574223,0.91424656,0.31611457,-0.55053294,-0.8852218,yt,15.891738891601562
1757660057.489589,-0.8691635,0.72812474,-0.50003856,0.21094018,0.040106993,-0.38406026,0.5810845,-0.7873781,yt,21.270896911621094
1757660057.6203043,-0.044671293,-0.34966063,-0.6655035,-0.85486776,-0.8663583,-0.81472355,-0.6086467,-0.3410773,yt,39.44817352294922
1757660057.7508388,0.8344484,-0.10270932,-0.75272816,0.7609577,0.10617133,-0.85906047,0.6513425,0.3144193,yt,27.824657440185547
1757660057.867205,0.52234536,0.53239954,-0.8403682,-0.058068164,0.88772553,-0.42499393,-0.6583746,0.7844603,yt,29.024356842041016
1757660057.993059,-0.55126435,-0.87185794,-0.89445436,-0.67193216,-0.27773657,0.21230184,0.63223016,0.87757766,yt,11.57607364654541
1757660058.1234705,-0.8564441,0.8928717,-0.88561195,0.8728026,-0.83592415,0.7484478,-0.6882761,0.5417818,yt,17.39320945739746
1757660058.244825,0.015937997,-0.70362633,-0.86610353,-0.38401288,0.39864248,0.8821247,0.7024805,-0.023398956,yt,54.02083969116211
1757660058.3622308,0.860237,0.30932078,-0.8775551,-0.4025553,0.7710777,0.5341863,-0.68960553,-0.60826343,yt,17.270845413208008
1757660058.4850106,0.5178159,0.15131629,-0.72309256,0.9082343,-0.55531317,-0.115208305,0.709348,-0.8880925,yt,63.18366622924805
1757660058.6233447,-0.5183843,-0.5641574,-0.6444853,-0.62040645,-0.65904266,-0.6754014,-0.71386975,-0.76252186,yt,8.935675621032715
1757660058.748326,-0.8343676,0.8329739,-0.49116307,-0.115511514,0.6368363,-0.88223356,0.74805593,-0.2710482,yt,12.374116897583008
1757660058.8752575,0.025913417,-0.8599095,-0.2962592,0.79259425,0.5871146,-0.61529183,-0.73851573,0.34263757,yt,45.98748779296875
1757660059.0020134,0.83710414,0.67811847,-0.121557266,-0.8552387,-0.7385737,0.04464884,0.7638235,0.8118015,yt,13.969725608825684
1757660059.1298506,0.5172662,-0.27660033,0.076424606,0.1906821,-0.42679307,0.61801547,-0.79519296,0.8913064,yt,129.19525146484375
1757660059.2539918,-0.5158752,-0.13926418,0.2274743,0.57894695,0.8668826,0.91347885,0.80069035,0.5121892,yt,9.010024070739746
1757660059.3814793,-0.8311782,0.5849112,0.37137625,-0.91673464,0.2749218,0.68673784,-0.78906965,-0.112659015,yt,9.222908973693848
1757660059.5092437,0.0076828166,-0.8234314,0.5669411,0.5118582,-0.89662343,0.082255095,0.79609776,-0.60956556,yt,27.495445251464844
1757660059.6274352,0.86859524,0.8668715,0.681635,0.29433206,-0.13816476,-0.55342793,-0.8547337,-0.9092968,yt,16.532400131225586
1757660059.7562413,0.5000748,-0.6645952,0.7739147,-0.86421645,0.89851636,-0.86493766,0.8389298,-0.74913764,yt,156.90805053710938
1757660059.8737135,-0.5679946,0.3058156,0.8399559,0.6899815,-0.010697687,-0.7499053,-0.8751711,-0.24137598,yt,11.250596046447754
1757660059.983517,-0.8598138,0.17733568,0.90646636,-0.016064435,-0.88176095,-0.22532962,0.8614057,0.39999178,yt,8.79991340637207
1757660060.1134298,-0.015516115,-0.5585606,0.9035724,-0.7117323,0.20881009,0.42622077,-0.86008155,0.81255037,yt,13.970168113708496
1757660060.2367506,0.86748666,0.84935087,0.8492345,0.87119216,0.88691634,0.8462388,0.8316861,0.8631486,yt,23.14040184020996
1757660060.3551629,0.5172512,-0.84374684,0.78428906,-0.2878232,-0.29301244,0.7977675,-0.8437409,0.47385463,yt,146.26541137695312
1757660060.475837,-0.5292541,0.6809977,0.6916795,-0.5013693,-0.8231327,0.32493117,0.88835466,-0.08537765,yt,12.892196655273438
1757660060.608786,-0.8510664,-0.26742902,0.5223811,0.868452,0.4654048,-0.34301397,-0.91126496,-0.65206945,yt,10.327404975891113
1757660060.7359924,-0.007934353,-0.17831051,0.42129073,-0.58424324,0.67468536,-0.82148784,0.91404885,-0.92800266,yt,9.650919914245605
1757660060.8652039,0.88554657,0.6139285,0.21710436,-0.18664649,-0.5817815,-0.85314196,-0.8825409,-0.7244581,yt,51.864707946777344
1757660060.9893587,0.4971125,-0.83990765,0.049953043,0.8282728,-0.6432239,-0.46445447,0.92033625,-0.18183137,yt,85.68753051757812
1757660061.1174946,-0.54161924,0.8844184,-0.15299973,-0.78002656,0.68217736,0.25232336,-0.9094067,0.42412043,yt,11.975592613220215
1757660061.2630622,-0.85828924,-0.6303592,-0.29408327,0.11123617,0.46801797,0.820618,0.8789676,0.8664181,yt,11.969993591308594
1757660061.387385,0.042904504,0.23599108,-0.44600186,0.6164785,-0.7833352,0.876259,-0.91870844,0.8605228,yt,8.700316429138184
1757660061.509556,0.84925836,0.22516915,-0.6025583,-0.8720298,-0.35624436,0.55142534,0.909863,0.49879315,yt,115.5081558227539
1757660061.6476912,0.5358562,-0.6634929,-0.7332709,0.39837804,0.8420441,-0.13390921,-0.8678421,-0.18350074,yt,43.90339279174805
1757660061.781188,-0.5261518,0.8439404,-0.81157213,0.38134062,0.21958788,-0.71884716,0.904762,-0.68548834,yt,9.767036437988281
1757660061.8969905,-0.84435076,-0.8587443,-0.8453005,-0.9079038,-0.9195629,-0.9004803,-0.88898027,-0.91124994,yt,11.370241165161133
1757660062.029781,-0.010249822,0.6351221,-0.93306875,0.6736906,-0.05947933,-0.5760976,0.8916917,-0.68421704,yt,8.737410545349121
1757660062.1524222,0.83953035,-0.23930292,-0.8293143,0.07790055,0.8917878,0.03091736,-0.8933446,-0.10717246,yt,244.90982055664062
1757660062.2792895,0.5133638,-0.25844952,-0.8485974,-0.776643,-0.17999493,0.6017841,0.9161711,0.46652263,yt,18.640600204467773
1757660062.4195774,-0.52979386,0.6355181,-0.7359551,0.8636114,-0.854203,0.8989265,-0.89754826,0.8196336,yt,8.662985801696777
1757660062.5441802,-0.84602445,-0.87541723,-0.64613694,-0.21214996,0.30409017,0.67488056,0.9049187,0.83343995,yt,9.523117065429688
1757660062.6734645,-0.043886527,0.886709,-0.45229262,-0.5792795,0.79445785,0.12523943,-0.88740253,0.4192049,yt,8.74831485748291
1757660062.8017085,0.8559308,-0.63179123,-0.33544016,0.88235545,-0.39652675,-0.54920095,0.8561473,-0.16324732,yt,344.11077880859375
1757660062.9249728,0.5303465,0.20018293,-0.16257064,-0.46989393,-0.77933204,-0.87123615,-0.86384094,-0.7225097,yt,12.24348258972168
1757660063.0402794,-0.5421347,0.29034683,0.01834393,-0.2891069,0.5152966,-0.7414055,0.84772825,-0.90751505,yt,9.827702522277832
1757660063.1594398,-0.8518209,-0.6728071,0.21801853,0.85135406,0.6395929,-0.17299327,-0.84426725,-0.6554168,yt,8.663248062133789
1757660063.3003373,0.017675076,0.88762903,0.3454876,-0.7441569,-0.62699586,0.4292993,0.84601295,-0.08808406,yt,8.85378646850586
1757660063.428396,0.8371886,-0.85114485,0.52847147,0.039398536,-0.5571147,0.86032,-0.8730421,0.52314186,yt,352.5189514160156
1757660063.5581024,0.5405955,0.5598543,0.64871526,0.6932844,0.7661711,0.8044419,0.8586219,0.85522074,yt,10.227361679077148
1757660063.6837265,-0.55322635,-0.17915207,0.7240869,-0.8493229,0.40597206,0.28422633,-0.8148228,0.83983636,yt,13.513359069824219
1757660063.8121486,-0.86704415,-0.29139212,0.8327859,0.3571771,-0.82464594,-0.34891424,0.79110587,0.36778432,yt,10.279749870300293
1757660063.943692,0.0003791953,0.65444434,0.8696707,0.46145445,-0.2680679,-0.80822617,-0.8282954,-0.260247,yt,10.876849174499512
1757660064.0602646,0.86659,-0.92585623,0.91539055,-0.90825456,0.8588955,-0.8722618,0.8297739,-0.76814497,yt,210.5908203125
1757660064.1903453,0.5366667,0.82315814,0.8652264,0.57798576,0.104413,-0.41919726,-0.75675523,-0.8833998,yt,10.685873031616211
1757660064.316011,-0.5250821,-0.5801539,0.7525317,0.18679,-0.87450635,0.25418913,0.80238026,-0.5956145,yt,17.905195236206055
1757660064.436349,-0.8634551,0.14986752,0.7150127,-0.8432445,0.010649198,0.7552644,-0.79223716,-0.032256484,yt,14.34963607788086
1757660064.5614724,-0.016959686,0.32371038,0.5636277,0.77964425,0.91031843,0.911656,0.73948073,0.56509435,yt,16.426158905029297
1757660064.6799102,0.86435354,-0.6870224,0.4429307,-0.13165288,-0.20118277,0.5207198,-0.73861545,0.8595699,yt,99.34668731689453
1757660064.8080091,0.50915766,0.86654335,0.29988235,-0.6349711,-0.8542564,-0.13352744,0.74345076,0.80385554,yt,12.677604675292969
1757660064.932715,-0.520259,-0.8392401,0.11274779,0.85817355,0.4074904,-0.6505206,-0.7028356,0.35397476,yt,18.393211364746094
1757660065.0666854,-0.8580537,0.5676904,-0.08423725,-0.41463715,0.7886085,-0.87255126,0.72827095,-0.28099653,yt,19.777685165405273
1757660065.1862972,0.0023631295,-0.14293751,-0.26435438,-0.36720318,-0.47655436,-0.5874843,-0.69048786,-0.7562928,yt,34.09535598754883
1757660065.303067,0.84204054,-0.31264746,-0.407593,0.8810667,-0.7284004,0.026821235,0.67173135,-0.91497844,yt,39.545875549316406
1757660065.4265833,0.48567352,0.7156175,-0.56040853,-0.6854047,0.63188607,0.621232,-0.66102767,-0.59541523,yt,19.494291305541992
1757660065.5445812,-0.50384104,-0.8892185,-0.69617736,-0.07345521,0.57344526,0.88611126,0.6234746,0.04963603,yt,13.673032760620117
1757660065.6593103,-0.8316201,0.79354244,-0.7756372,0.7538245,-0.69535124,0.69303864,-0.61015606,0.5692135,yt,19.02952766418457
1757660065.789457,-0.0047929664,-0.5360397,-0.854806,-0.84906036,-0.48929122,0.062442217,0.6439958,0.8727139,yt,48.53386306762695
1757660065.9039397,0.89616144,0.091893576,-0.9222693,0.24183115,0.7957672,-0.55689776,-0.62550753,0.77508944,yt,20.86983299255371
1757660066.0178633,0.53963006,0.3496726,-0.9344848,0.5218408,0.3514242,-0.87472004,0.58259624,0.29142544,yt,43.682273864746094
1757660066.1443346,-0.5299502,-0.7342435,-0.8568883,-0.89385647,-0.86935765,-0.7524557,-0.5968445,-0.32807156,yt,9.938471794128418
1757660066.270646,-0.82781535,0.9071167,-0.7677336,0.51939154,-0.16399685,-0.22131455,0.53129506,-0.78468984,yt,14.934623718261719
1757660066.396739,-0.03305189,-0.86261714,-0.6450985,0.278527,0.9243641,0.47395658,-0.55142397,-0.8558714,yt,52.00263214111328
1757660066.5269086,0.83062065,0.50990456,-0.5377564,-0.8829577,0.009907508,0.8725572,0.5171913,-0.49951035,yt,14.907761573791504
1757660066.6717763,0.5384273,-0.06575427,-0.42390296,0.7701734,-0.92753994,0.81506026,-0.5007292,0.023516797,yt,96.29142761230469
1757660066.8003385,-0.5306071,-0.34549886,-0.23180561,-0.03316429,0.14155993,0.32488602,0.48532078,0.59894586,yt,8.674320220947266
1757660066.9196045,-0.88638884,0.7493248,-0.001229781,-0.6939501,0.8854545,-0.3483292,-0.43592572,0.8788901,yt,10.570441246032715
1757660067.0436203,0.014452878,-0.9308239,0.115675926,0.8459585,-0.30722678,-0.840118,0.43175098,0.7308864,yt,36.9390983581543
1757660067.1713808,0.80846965,0.79731333,0.33718857,-0.35582107,-0.80675626,-0.82672197,-0.44002816,0.22581999,yt,14.388648986816406
1757660067.3127346,0.4856364,-0.52038366,0.49981496,-0.46731275,0.43155336,-0.4467328,0.34852704,-0.39922738,yt,155.89016723632812
1757660067.447871,-0.509054,0.069858156,0.5981344,0.900576,0.7376179,0.24832214,-0.37379792,-0.82751924,yt,9.958390235900879
1757660067.574662,-0.85796255,0.36612132,0.73742676,-0.58838975,-0.5781225,0.76523465,0.3377958,-0.8785874,yt,8.676634788513184
1757660067.716097,0.046031136,-0.732854,0.8003289,-0.16168168,-0.653241,0.87145346,-0.36511368,-0.54358196,yt,18.961212158203125
1757660067.853533,0.8457747,0.92814016,0.87396747,0.79669744,0.67927366,0.49392003,0.32828152,0.08343635,yt,17.96902084350586
1757660067.9832418,0.52228904,-0.83132744,0.8991792,-0.78773916,0.53852785,-0.1360244,-0.32881725,0.64388084,yt,164.37840270996094
1757660068.1235473,-0.510226,0.48128033,0.8968804,0.1584344,-0.77615035,-0.7133103,0.2571815,0.9189254,yt,11.882532119750977
1757660068.269134,-0.8247231,-0.0024585628,0.8558979,0.63272196,-0.39137518,-0.9137636,-0.23284326,0.73873734,yt,9.496126174926758
1757660068.398462,0.010966052,-0.41378564,0.755758,-0.9060569,0.84722084,-0.570349,0.20409815,0.17337129,yt,11.539770126342773
1757660068.5259445,0.85139465,0.78256327,0.624637,0.4754007,0.22844245,0.031158885,-0.22645594,-0.39719263,yt,32.524356842041016
1757660068.6580968,0.50584847,-0.8822838,0.44441313,0.35761133,-0.9038604,0.655963,0.16140407,-0.82676435,yt,118.82789611816406
1757660068.7976313,-0.5206942,0.7819064,0.31977686,-0.91195244,-0.076453604,0.91293937,-0.1560021,-0.843799,yt,12.42768383026123
1757660068.9377317,-0.86178446,-0.48723322,0.11366716,0.6925096,0.88278836,0.6893715,0.10210509,-0.5210368,yt,11.170463562011719
1757660069.0710318,-0.01390879,0.01905366,-0.04918371,0.010383517,-0.06401522,0.099743344,-0.09330577,0.1604996,yt,8.945256233215332
1757660069.1923347,0.8673134,0.4368724,-0.21557464,-0.74084616,-0.91907763,-0.5189542,0.079266585,0.68161595,yt,77.85586547851562
1757660069.3437877,0.52843225,-0.775302,-0.37811518,0.8430349,0.21616533,-0.8940304,-0.08396763,0.88382334,yt,60.462547302246094
1757660069.4749968,-0.5024772,0.88782555,-0.51341236,-0.2342987,0.839231,-0.7404026,0.04905303,0.7272944,yt,10.955349922180176
1757660069.6046,-0.83933973,-0.76648575,-0.6311101,-0.56087404,-0.37588322,-0.18866877,-0.0059044617,0.12897928,yt,11.99323558807373
1757660069.7390416,0.00920173,0.4726592,-0.800962,0.87270445,-0.7655227,0.4558081,-0.013943317,-0.46546468,yt,8.707464218139648
1757660069.878022,0.8779698,0.008764316,-0.8394984,-0.52987164,0.52232,0.85087156,0.02695283,-0.8311041,yt,175.4659423828125
1757660070.0074856,0.5041716,-0.43395177,-0.9121259,-0.25496215,0.69516027,0.81414896,-0.09020641,-0.83095855,yt,25.964078903198242
1757660070.1328638,-0.54162467,0.80619854,-0.91107535,0.8746083,-0.6117959,0.2986038,0.0535779,-0.43893948,yt,9.017220497131348
1757660070.2571917,-0.853947,-0.902129,-0.8912713,-0.7500086,-0.6267349,-0.3732189,-0.08369046,0.18948825,yt,10.419836044311523
1757660070.3937058,-0.024900787,0.730617,-0.801179,0.04626848,0.70896083,-0.8026109,0.12971176,0.67978126,yt,8.736083030700684
1757660070.5382285,0.83173513,-0.39506212,-0.7124523,0.6746101,0.41695195,-0.8637302,-0.10087919,0.9017719,yt,305.8800354003906
1757660070.6724932,0.54907936,-0.009356311,-0.5485891,-0.87505513,-0.8090811,-0.41748774,0.15993257,0.68665975,yt,14.426569938659668
1757660070.806562,-0.5333073,0.46970475,-0.40215102,0.39817795,-0.27130175,0.2363632,-0.17821637,0.10251387,yt,8.990148544311523
1757660070.9425163,-0.85662144,-0.828305,-0.25945938,0.44647965,0.821868,0.78801787,0.18862353,-0.4812478,yt,8.881243705749512
1757660071.074617,0.01848043,0.9011614,-0.07955223,-0.9470799,0.15780456,0.8914972,-0.26107994,-0.8390295,yt,8.660436630249023
1757660071.2157726,0.853247,-0.7516591,0.084218755,0.61901647,-0.88028646,0.50740266,0.27439496,-0.8143904,yt,363.3346862792969
1757660071.3608031,0.5242078,0.37838694,0.2725097,0.114226185,0.01432793,-0.16349934,-0.2823601,-0.4237104,yt,10.833857536315918
1757660071.4824674,-0.5736447,0.10153238,0.4623793,-0.7502566,0.8450698,-0.6831704,0.31806904,0.20862122,yt,11.09811782836914
1757660071.6248145,-0.83840144,-0.47390598,0.58920395,0.78461736,-0.1684258,-0.8773676,-0.32381678,0.6957969,yt,9.129768371582031
1757660071.768362,-0.0072287945,0.79763216,0.7479021,-0.1909531,-0.8937839,-0.5939716,0.30640733,0.9127447,yt,9.462577819824219
1757660071.9043057,0.82013005,-0.90463424,0.8133489,-0.590992,0.32451415,-0.004026402,-0.31728354,0.6174027,yt,305.4248352050781
1757660072.0242167,0.49380574,0.7321429,0.84940636,0.92434126,0.80783373,0.63528955,0.36997223,0.115431756,yt,9.970483779907227
1757660072.1569006,-0.5436322,-0.39886695,0.8619348,-0.4591621,-0.45199353,0.8925765,-0.39817402,-0.5201387,yt,16.147472381591797
1757660072.2876205,-0.8742547,-0.088927194,0.92116594,-0.3482488,-0.757437,0.6674232,0.4095929,-0.855551,yt,12.047483444213867
1757660072.4332335,0.023666753,0.5256034,0.84274656,0.87898576,0.5676788,0.09938696,-0.38572058,-0.8139678,yt,13.308752059936523
1757660072.573221,0.8466638,-0.8149214,0.7442929,-0.6867494,0.62500656,-0.58715516,0.47133428,-0.32800862,yt,150.90948486328125
1757660072.698165,0.50139207,0.89883,0.6685984,0.016785478,-0.71404296,-0.92849034,-0.50198597,0.26665968,yt,10.772065162658691
1757660072.8220503,-0.490609,-0.7192911,0.5555951,0.77931136,-0.52157456,-0.7290118,0.5086822,0.7675621,yt,18.357494354248047
1757660072.9556737,-0.85464174,0.3713482,0.3399591,-0.87173665,0.7904272,-0.19427389,-0.48849213,0.9050989,yt,17.0511474609375
1757660073.0842397,-0.0007801486,0.11841644,0.19955449,0.27459243,0.34067056,0.44963676,0.51895237,0.539033,yt,23.202259063720703
1757660073.2149286,0.86646026,-0.50949687,-0.0049007474,0.52066374,-0.8593382,0.8722574,-0.5600513,0.015809545,yt,60.51266098022461
1757660073.3516376,0.5378292,0.80812794,-0.15683496,-0.8849017,-0.22621983,0.8327684,0.5849168,-0.56021655,yt,15.398364067077637
1757660073.4995358,-0.5472544,-0.87642604,-0.36473343,0.53888345,0.85978734,0.27643755,-0.5758435,-0.85338277,yt,15.97708511352539
1757660073.6285932,-0.82179624,0.6739403,-0.5111318,0.23588595,0.049985763,-0.34055313,0.5528354,-0.81294185,yt,19.62541389465332
1757660073.7498574,-0.052079834,-0.3237039,-0.6318027,-0.8538684,-0.9125577,-0.8295898,-0.62549853,-0.35627103,yt,41.18358612060547
1757660073.8750563,0.8622215,-0.11530974,-0.7272106,0.7270918,0.066721275,-0.8541602,0.6449451,0.32473424,yt,28.37636947631836
1757660074.0253716,0.52975523,0.61483073,-0.8743992,-0.09538934,0.87657166,-0.4282575,-0.66688335,0.7722723,yt,28.069198608398438
1757660074.154296,-0.5134544,-0.8204234,-0.9048528,-0.6681051,-0.23672381,0.19199896,0.6790126,0.9295242,yt,11.68632698059082
1757660074.3118384,-0.850422,0.8730329,-0.8740293,0.8620285,-0.79621786,0.7747255,-0.64882094,0.5622404,yt,17.357330322265625
1757660074.4605362,-0.034921117,-0.73468935,-0.9005797,-0.37547237,0.41841754,0.8706517,0.7006871,-0.019038001,yt,53.27787399291992
1757660074.6047583,0.8324247,0.29975653,-0.8016437,-0.43758163,0.79628205,0.47183132,-0.72547257,-0.6222057,yt,17.236675262451172
1757660074.7562773,0.545883,0.11681746,-0.723927,0.89419186,-0.5076419,-0.09755324,0.7266346,-0.8881232,yt,66.31627655029297
1757660074.8996844,-0.5350191,-0.5518468,-0.6306832,-0.6344877,-0.68866664,-0.7411484,-0.6852604,-0.7504915,yt,8.940911293029785
1757660075.0251243,-0.84010804,0.8323594,-0.4728541,-0.14164968,0.63430244,-0.90276974,0.7761753,-0.27544224,yt,12.219752311706543
1757660075.1586134,0.004997095,-0.85749197,-0.2648967,0.80312926,0.5670689,-0.60342157,-0.7669285,0.33604762,yt,44.69720458984375
1757660075.2895918,0.8764246,0.6997923,-0.12878957,-0.7869928,-0.76763743,0.043863095,0.7439918,0.7988909,yt,14.809234619140625
1757660075.4271324,0.5032076,-0.29581925,0.054014746,0.19818756,-0.44681922,0.63902974,-0.76408905,0.8586683,yt,127.68953704833984
1757660075.5705457,-0.5328521,-0.15999727,0.22119693,0.574142,0.8192483,0.8909192,0.77272695,0.53451884,yt,8.973498344421387
1757660075.71086,-0.84540707,0.600648,0.41356838,-0.90827525,0.30847934,0.69439423,-0.8093071,-0.08690753,yt,9.292394638061523
1757660075.8663483,0.023902668,-0.8619211,0.5847061,0.4825388,-0.87277746,0.081993334,0.8171452,-0.6188012,yt,26.635175704956055
1757660075.9964306,0.8442517,0.88217026,0.6646315,0.31764853,-0.12622613,-0.5441546,-0.8278816,-0.8722429,yt,15.99117374420166
1757660076.1382673,0.5188034,-0.64899147,0.785362,-0.84157956,0.914621,-0.890782,0.8329654,-0.75936157,yt,173.6126708984375
1757660076.2860215,-0.5489563,0.28289643,0.87260926,0.7139125,-0.04724948,-0.74764687,-0.8317404,-0.1897787,yt,11.04289722442627
1757660076.4321377,-0.86393815,0.16706306,0.9367087,0.020797685,-0.94496715,-0.19514841,0.82647705,0.4019467,yt,8.77316665649414
1757660076.5584226,0.010473321,-0.55456775,0.8805386,-0.73278224,0.20781702,0.45952404,-0.83808166,0.80744725,yt,14.479545593261719
1757660076.7119355,0.839838,0.86608654,0.89287,0.8686588,0.85587037,0.8954727,0.8742352,0.8450047,yt,24.0686092376709
1757660076.8729312,0.530862,-0.86676973,0.7744739,-0.2851793,-0.28996384,0.77226615,-0.8367631,0.5032809,yt,150.29647827148438
1757660076.9968112,-0.5257745,0.6630592,0.6737168,-0.47131717,-0.7978914,0.33093077,0.893079,-0.082433306,yt,12.848868370056152
1757660077.116583,-0.86468834,-0.26890463,0.581855,0.88310426,0.4594168,-0.35121682,-0.87697333,-0.65853053,yt,10.44253921508789
1757660077.247532,-0.005031566,-0.20652877,0.38310483,-0.58508795,0.6935674,-0.8367724,0.87966764,-0.9291032,yt,9.820372581481934
1757660077.401815,0.8613221,0.61345184,0.25100812,-0.21415843,-0.5859276,-0.79825926,-0.8739809,-0.70190185,yt,48.280338287353516
1757660077.5290291,0.52866554,-0.8923176,0.06707867,0.8532565,-0.61953455,-0.40228838,0.89588934,-0.16194315,yt,89.87848663330078
1757660077.6641371,-0.54743326,0.88529944,-0.090032466,-0.75947887,0.6954435,0.2305817,-0.8944381,0.43466544,yt,11.968916893005371
1757660077.812141,-0.8483972,-0.62243056,-0.26451665,0.11892524,0.4708607,0.7810594,0.89511096,0.8168973,yt,11.882755279541016
1757660077.9394238,-0.022957731,0.23911153,-0.4544468,0.6103535,-0.76836765,0.8542287,-0.89713085,0.8701448,yt,8.685988426208496
1757660078.061831,0.85384136,0.24013248,-0.6104021,-0.86079925,-0.3254859,0.5431446,0.87467045,0.46842673,yt,116.44132232666016
1757660078.200087,0.54617834,-0.6830559,-0.7296227,0.4168658,0.87878656,-0.12791209,-0.8827477,-0.13229753,yt,42.15116500854492
1757660078.330709,-0.5000176,0.86952335,-0.82890904,0.395205,0.24258344,-0.73818225,0.87956405,-0.7235069,yt,9.69701099395752
1757660078.4686062,-0.8670411,-0.8685429,-0.9066538,-0.8682692,-0.9029517,-0.93330956,-0.8800477,-0.9101491,yt,11.393912315368652
1757660078.600268,-0.02783853,0.63597673,-0.91943663,0.6549641,-0.040314566,-0.5690923,0.8726038,-0.6602419,yt,8.78629207611084
1757660078.7315125,0.8591699,-0.22616781,-0.9013105,0.09203522,0.91022843,0.029428134,-0.8856379,-0.10690525,yt,247.69081115722656
1757660078.8625774,0.4992142,-0.28146192,-0.8351068,-0.7662287,-0.100012854,0.61751306,0.9044644,0.47549373,yt,18.399503707885742
1757660078.9920957,-0.5321842,0.6395055,-0.7695124,0.8075406,-0.90595,0.8728078,-0.8833407,0.85365874,yt,8.661894798278809
1757660079.1188693,-0.8349662,-0.9166774,-0.61901253,-0.18783249,0.2754303,0.6440884,0.8966509,0.8376609,yt,9.729766845703125
1757660079.257844,0.01420148,0.8483707,-0.5268829,-0.60888946,0.7845982,0.11918937,-0.870839,0.43511152,yt,8.673858642578125
1757660079.392389,0.8713974,-0.6181919,-0.2977276,0.9301997,-0.40379378,-0.5411881,0.92218655,-0.18576832,yt,379.7525329589844
1757660079.5456371,0.5344706,0.15817808,-0.17897558,-0.457677,-0.766613,-0.87390447,-0.8951097,-0.6918589,yt,12.03954029083252
1757660079.687285,-0.557436,0.25019616,0.015376112,-0.29619426,0.55119705,-0.7399383,0.8630416,-0.8893473,yt,9.832475662231445
1757660079.8172731,-0.8630298,-0.70567447,0.19432919,0.8232794,0.66316223,-0.16865541,-0.8509487,-0.68942213,yt,8.661639213562012
1757660079.9502895,0.03726547,0.9322534,0.38030416,-0.7024925,-0.66758054,0.44663793,0.8533476,-0.09715593,yt,8.774404525756836
1757660080.080487,0.88118404,-0.80387634,0.5344883,0.04140746,-0.5345337,0.86417866,-0.8580243,0.50684965,yt,340.2085876464844
1757660080.2159517,0.5270531,0.6145576,0.663526,0.73794,0.73246986,0.8378143,0.8549089,0.8698996,yt,10.15385627746582
1757660080.357752,-0.5352623,-0.1631411,0.79776084,-0.8706186,0.3954148,0.32102364,-0.8261657,0.79393077,yt,13.77047348022461
1757660080.4968581,-0.8496602,-0.33913797,0.8173247,0.33825406,-0.822017,-0.3334679,0.8425971,0.36776698,yt,10.007930755615234
1757660080.6359072,0.0068365433,0.68732363,0.87817353,0.47259796,-0.27273846,-0.81804866,-0.79112804,-0.29093552,yt,10.570091247558594
1757660080.7889855,0.8660718,-0.888253,0.90742934,-0.9000605,0.87325853,-0.84473884,0.803994,-0.7699419,yt,218.89398193359375
1757660080.945738,0.5327167,0.8469721,0.8933117,0.5674219,0.07967101,-0.4024273,-0.7997698,-0.87834936,yt,10.322416305541992
1757660081.0821836,-0.52274144,-0.6109266,0.8004063,0.1873986,-0.9042483,0.24557133,0.7456666,-0.61220694,yt,17.767807006835938
1757660081.199595,-0.87535244,0.13293956,0.7196415,-0.82404315,0.030937087,0.77671844,-0.76277745,-0.05094415,yt,14.056650161743164
1757660081.3411248,-0.031286754,0.327333,0.60513145,0.7793365,0.9085416,0.87844867,0.7537703,0.5393581,yt,16.585407257080078
1757660081.4895089,0.9022291,-0.6901877,0.4558899,-0.12590376,-0.20987168,0.48994067,-0.7768576,0.8644435,yt,97.74220275878906
1757660081.6401126,0.52374166,0.9051358,0.2719547,-0.63221484,-0.8817693,-0.13853396,0.7305975,0.8111859,yt,12.368422508239746
1757660081.7733338,-0.5561608,-0.83007705,0.07655433,0.8919299,0.33783254,-0.7155239,-0.7288941,0.37703544,yt,17.956876754760742
1757660081.9259884,-0.8416353,0.5760656,-0.0513567,-0.43024758,0.78217375,-0.88294476,0.7302647,-0.29260844,yt,19.37060546875
1757660082.049867,0.008673253,-0.12288181,-0.26004243,-0.40006357,-0.49412483,-0.60453993,-0.6344936,-0.7778162,yt,31.759078979492188
1757660082.1802647,0.85913044,-0.3092063,-0.39618218,0.9010906,-0.7013974,0.04431945,0.7166031,-0.8455896,yt,39.45988464355469
1757660082.3178546,0.5190513,0.72920465,-0.54370797,-0.694153,0.6014373,0.62750226,-0.6521918,-0.6027103,yt,19.6124267578125
1757660082.4614394,-0.5474684,-0.8883844,-0.70183897,-0.08666612,0.6152982,0.87249655,0.66313154,-0.019721633,yt,13.026723861694336
1757660082.605487,-0.87815857,0.8239799,-0.79694843,0.7655296,-0.7360062,0.67383987,-0.6249346,0.5764111,yt,20.34261703491211
1757660082.7644386,0.0408388,-0.5861087,-0.8572136,-0.79956496,-0.4997975,0.08415856,0.6125834,0.84391516,yt,51.184669494628906
1757660082.908422,0.8719268,0.11608392,-0.8933823,0.28033993,0.82365,-0.5544551,-0.62397754,0.7829508,yt,21.598539352416992
1757660083.0429194,0.5600705,0.3732957,-0.8898022,0.5726602,0.3066629,-0.9047438,0.5881234,0.29787576,yt,44.815006256103516
1757660083.1914363,-0.5341883,-0.725461,-0.8678099,-0.9232341,-0.8439195,-0.72332984,-0.52394646,-0.32447112,yt,9.949410438537598
1757660083.344194,-0.8528402,0.8470789,-0.74793285,0.52254915,-0.15718624,-0.22286446,0.5608618,-0.78556776,yt,14.308799743652344
1757660083.4709895,0.031182216,-0.868742,-0.6612574,0.27937847,0.8735176,0.45623413,-0.5363546,-0.8606069,yt,53.05972671508789
1757660083.6078432,0.8287373,0.5010242,-0.5578667,-0.8400466,0.009994213,0.8563883,0.550033,-0.5771787,yt,15.576745986938477
1757660083.7262776,0.5051264,-0.06047126,-0.4141949,0.7122545,-0.9055862,0.81937313,-0.48246497,0.0361788,yt,90.50173950195312
1757660083.860363,-0.5289037,-0.3574467,-0.20975131,-0.048134293,0.13400832,0.28187755,0.46351162,0.6239504,yt,8.660730361938477
1757660083.9784899,-0.85024947,0.7649459,-0.059058476,-0.7012276,0.8714628,-0.33350918,-0.46267158,0.8677001,yt,10.411510467529297
1757660084.107205,-0.016184097,-0.8899648,0.14936076,0.86870015,-0.27454177,-0.8450439,0.43898395,0.7373713,yt,37.22272491455078
1757660084.2505846,0.84485096,0.8044123,0.31145993,-0.32221788,-0.8515402,-0.8722196,-0.4299107,0.22916375,yt,14.374093055725098
1757660084.4030125,0.51198095,-0.50256974,0.46811002,-0.42123243,0.40123412,-0.44917592,0.34398702,-0.3601574,yt,155.21932983398438
1757660084.539633,-0.5353892,0.054132257,0.63558495,0.9032379,0.75397694,0.22455579,-0.38748485,-0.8398454,yt,9.783355712890625
1757660084.6619394,-0.8429561,0.40930083,0.7669455,-0.6030619,-0.5650487,0.7797092,0.35086486,-0.86033,yt,8.675052642822266
1757660084.7901978,-0.00043285516,-0.7886127,0.8554349,-0.16173053,-0.65498227,0.9081263,-0.35631868,-0.4900107,yt,20.144943237304688
1757660084.9214153,0.8338302,0.93189293,0.8597496,0.77622503,0.6542337,0.5102895,0.2655737,0.09912072,yt,17.639892578125
1757660085.0470865,0.541351,-0.7966009,0.88792074,-0.7881323,0.52446634,-0.1591168,-0.31984845,0.648188,yt,172.75462341308594
1757660085.1897838,-0.52424014,0.48143688,0.9130431,0.16954248,-0.768792,-0.65686655,0.29413587,0.90455735,yt,11.82374095916748
1757660085.3266425,-0.8476062,-0.09116344,0.8438947,0.6260583,-0.39225343,-0.859331,-0.23974402,0.72011983,yt,9.574307441711426
1757660085.4578352,-0.008861121,-0.41445956,0.74485826,-0.89831597,0.830788,-0.5655885,0.2773756,0.2272098,yt,11.624996185302734
1757660085.5837593,0.8770068,0.73496413,0.66906273,0.4446208,0.21693023,-0.0011310428,-0.20495805,-0.44529125,yt,34.2598876953125
1757660085.7140107,0.5511849,-0.9195889,0.50564504,0.3133436,-0.9033114,0.628428,0.1711888,-0.8169625,yt,115.56928253173828
1757660085.8390691,-0.5586107,0.78012174,0.32791162,-0.88727206,-0.09485619,0.91845995,-0.17272873,-0.814283,yt,12.569417953491211
1757660085.966955,-0.847356,-0.46644312,0.17782468,0.6093414,0.9320134,0.67621106,0.123360366,-0.47669515,yt,11.145195007324219
1757660086.0972555,0.01274593,0.015663004,-0.07614368,0.059857544,-0.10393445,0.08599691,-0.119864054,0.16907008,yt,9.001237869262695
1757660086.232269,0.8541692,0.4292288,-0.19162048,-0.7678954,-0.8966835,-0.54783267,0.07116292,0.6899517,yt,74.3772964477539
1757660086.3624716,0.51171684,-0.80084944,-0.40171126,0.8670594,0.21385197,-0.86341476,-0.046886053,0.896895,yt,59.750972747802734
1757660086.4835513,-0.52948254,0.88986605,-0.58184457,-0.26978236,0.8683175,-0.7575044,0.04568184,0.69178855,yt,10.788214683532715
1757660086.6089876,-0.8255492,-0.7913099,-0.70046216,-0.5342866,-0.41265854,-0.2080288,-0.007785317,0.16402331,yt,12.251976013183594
1757660086.7393012,-0.010462591,0.41098514,-0.76669586,0.875197,-0.7715907,0.46736318,-0.0009089378,-0.47691882,yt,8.66469669342041
1757660086.8764124,0.8494369,-0.0137784695,-0.82740206,-0.5356566,0.4882165,0.8502601,0.017660145,-0.8760102,yt,175.61123657226562
1757660087.009806,0.53653985,-0.4554004,-0.91255295,-0.25898126,0.69321233,0.78257805,-0.07323825,-0.82308143,yt,26.44058609008789
1757660087.1344337,-0.5336685,0.7836017,-0.88103414,0.8300912,-0.6555285,0.31426057,0.07308625,-0.44975147,yt,8.944196701049805
1757660087.2529209,-0.85826504,-0.91629726,-0.85656554,-0.7214912,-0.5959836,-0.35366783,-0.08394972,0.2026488,yt,10.558467864990234
1757660087.3918562,-0.031802487,0.769025,-0.8180131,0.06737814,0.7435706,-0.8235123,0.10615508,0.6842865,yt,8.783978462219238
1757660087.5246327,0.85765445,-0.41025412,-0.67592174,0.70441324,0.43535575,-0.8440265,-0.13932842,0.86765146,yt,309.3721923828125
1757660087.6556017,0.52002907,-0.025812233,-0.60012513,-0.8654893,-0.8133006,-0.41449985,0.15076314,0.66758406,yt,14.5149564743042
1757660087.7849538,-0.49581,0.49619034,-0.43634543,0.34745303,-0.3322987,0.23791686,-0.17594656,0.14071466,yt,8.928943634033203
1757660087.941758,-0.87228096,-0.80016655,-0.2170605,0.43154058,0.8694534,0.77814955,0.1849066,-0.490762,yt,8.832602500915527
1757660088.104558,0.0030953994,0.9057743,-0.050394185,-0.89124393,0.15253374,0.8890991,-0.24543762,-0.8664545,yt,8.660178184509277
1757660088.2430968,0.8567321,-0.77689934,0.09734649,0.62748903,-0.95781785,0.5027727,0.21896511,-0.8705546,yt,366.87786865234375
1757660088.39293,0.5643398,0.39390755,0.2618412,0.16155304,0.015360178,-0.124243475,-0.23180997,-0.393519,yt,11.211610794067383
1757660088.5302305,-0.54450005,0.059482533,0.43892205,-0.77470976,0.8736553,-0.6773897,0.28518656,0.23239945,yt,11.505526542663574
1757660088.6772523,-0.8391922,-0.48887014,0.5922009,0.8137235,-0.13756482,-0.8844796,-0.2957627,0.75244457,yt,8.996432304382324
1757660088.8187237,0.02491955,0.8160193,0.72049093,-0.17734745,-0.86241555,-0.5950014,0.3240382,0.9090805,yt,9.457649230957031
1757660088.9381125,0.86917186,-0.93254334,0.8194847,-0.6044754,0.3387883,0.007867062,-0.32999498,0.62641734,yt,315.24359130859375
1757660089.061045,0.5468603,0.75378245,0.8589338,0.8926973,0.7895193,0.62115115,0.3334737,0.07808299,yt,10.059708595275879
1757660089.1968887,-0.5529843,-0.4047774,0.9352526,-0.48462263,-0.46367735,0.91073966,-0.38847142,-0.5341221,yt,16.438404083251953
1757660089.3252425,-0.88385695,-0.05486523,0.89257044,-0.3544231,-0.7255731,0.6652582,0.38293093,-0.86573374,yt,12.01313591003418
1757660089.4419003,-0.03056226,0.5348367,0.8492061,0.87213117,0.56150955,0.087467305,-0.43973842,-0.82184,yt,13.199376106262207
1757660089.5745854,0.8690891,-0.8082015,0.7791318,-0.7277941,0.6203768,-0.54645395,0.46347207,-0.34419605,yt,144.94029235839844
1757660089.7099442,0.56991494,0.87281287,0.6581831,-0.04679635,-0.6863934,-0.89992493,-0.4373821,0.23623246,yt,10.956531524658203
1757660089.8462996,-0.5638521,-0.6897625,0.52106565,0.7331453,-0.49536595,-0.7802118,0.45454228,0.77854437,yt,17.75080680847168
1757660089.9775727,-0.8231165,0.3810073,0.36502564,-0.86185294,0.77977383,-0.21234222,-0.51375943,0.8841749,yt,17.235918045043945
1757660090.1067388,0.01437547,0.1233528,0.18792333,0.29804173,0.36615825,0.42136347,0.5289601,0.6064063,yt,25.043479919433594
1757660090.2377307,0.89292777,-0.5410299,0.003225505,0.5486439,-0.8647655,0.83995956,-0.5535586,0.035284106,yt,65.46150970458984
1757660090.3655593,0.49505812,0.8162614,-0.14031179,-0.8895717,-0.23926607,0.8007104,0.540713,-0.5599417,yt,14.922091484069824
1757660090.4992883,-0.4718851,-0.886339,-0.3150485,0.57970846,0.85794646,0.29947793,-0.55033845,-0.8799596,yt,16.351661682128906
1757660090.6333349,-0.85048324,0.7248957,-0.49816436,0.23556028,0.07983417,-0.31582373,0.60062885,-0.76770955,yt,20.633859634399414
1757660090.7952018,-0.014643248,-0.35694444,-0.64190716,-0.86279047,-0.9080946,-0.8137055,-0.6240593,-0.28668064,yt,40.20523452758789
1757660090.9287763,0.8430344,-0.13417459,-0.73174363,0.73546714,0.11252908,-0.8772451,0.662706,0.3146036,yt,27.44879913330078
1757660091.0588856,0.509979,0.5136037,-0.82065225,-0.102698825,0.9117505,-0.43384936,-0.6764698,0.7550565,yt,28.006288528442383
1757660091.1895714,-0.545607,-0.8725201,-0.8537248,-0.69432694,-0.2906906,0.2453852,0.66829973,0.8826824,yt,11.320890426635742
1757660091.3278115,-0.8525602,0.913558,-0.86564237,0.8608939,-0.806978,0.79576486,-0.66266793,0.55805093,yt,17.4581356048584
1757660091.4452324,0.0252224,-0.71083,-0.862727,-0.4154477,0.38636574,0.87471265,0.70859534,-0.006902402,yt,53.76188659667969
1757660091.5725415,0.86831856,0.37541956,-0.8089654,-0.38666165,0.7549116,0.4990709,-0.68956196,-0.56686693,yt,16.843124389648438
1757660091.7070024,0.5358921,0.18585928,-0.72244716,0.89239395,-0.53169346,-0.09436763,0.71116877,-0.8787051,yt,60.26506805419922
1757660091.8326964,-0.5512994,-0.6062183,-0.6013449,-0.6315816,-0.7172729,-0.66943306,-0.74217504,-0.7585055,yt,8.807782173156738
1757660091.9642403,-0.852634,0.84854704,-0.45572212,-0.13941053,0.6611197,-0.8806646,0.7334079,-0.23039396,yt,12.45439624786377
1757660092.087667,0.018305786,-0.8849498,-0.27574793,0.780093,0.57262766,-0.57375175,-0.7657667,0.34472665,yt,47.6198616027832
1757660092.2318258,0.87553096,0.70029813,-0.117157504,-0.83831465,-0.7403674,0.047242273,0.77774876,0.7929228,yt,14.372882843017578
1757660092.3669238,0.48970512,-0.26355216,0.0872243,0.18043138,-0.46127135,0.6637477,-0.7937924,0.8363441,yt,123.56240844726562
1757660092.516257,-0.5539635,-0.15247327,0.23912619,0.57704693,0.8363589,0.9003646,0.807184,0.5384455,yt,8.997763633728027
1757660092.6529567,-0.8718144,0.5285505,0.41502544,-0.87358636,0.29214188,0.64876395,-0.76788735,-0.08205773,yt,9.118288040161133
1757660092.780925,-0.0050860904,-0.8478864,0.5597994,0.48519817,-0.87873214,0.053009003,0.80910134,-0.6537664,yt,25.999513626098633
1757660092.906532,0.87347925,0.86470085,0.70354396,0.32834283,-0.11042671,-0.5495973,-0.7686735,-0.8684632,yt,16.18845558166504
1757660093.0397594,0.5485959,-0.6771083,0.78897804,-0.89972675,0.93907374,-0.8962493,0.78872496,-0.7442515,yt,181.71653747558594
1757660093.1655703,-0.57573944,0.29294127,0.8536928,0.75338805,-0.010643723,-0.71980774,-0.864567,-0.21735357,yt,11.000072479248047
1757660093.289915,-0.84910846,0.15575862,0.88791656,0.0024879044,-0.9004802,-0.19408488,0.83276474,0.362506,yt,8.849342346191406
1757660093.413544,-0.017048597,-0.5913218,0.8747663,-0.7154162,0.20184468,0.4731317,-0.87259954,0.8336061,yt,14.372264862060547
1757660093.549054,0.8663577,0.8294684,0.83343697,0.8556078,0.88648504,0.8596837,0.87121874,0.8604893,yt,24.839096069335938
1757660093.683181,0.52798057,-0.859128,0.79933256,-0.30483997,-0.34690264,0.81772274,-0.89830095,0.5141143,yt,146.78123474121094
1757660093.8153126,-0.53981304,0.6520116,0.71947485,-0.47594565,-0.8209163,0.31244588,0.8608785,-0.10212608,yt,12.792106628417969
1757660093.9402528,-0.8968936,-0.28218043,0.56733716,0.87565994,0.43882784,-0.35499543,-0.8787676,-0.6797101,yt,10.421916961669922
1757660094.0653358,-0.014921852,-0.21071221,0.38342813,-0.56984943,0.747164,-0.8139157,0.8623072,-0.91456187,yt,9.67611312866211
1757660094.1950254,0.8806759,0.63541716,0.25308013,-0.202979,-0.60709035,-0.85674864,-0.86665785,-0.7103862,yt,50.01778030395508
1757660094.3363879,0.5591984,-0.88197494,0.040270723,0.83558506,-0.6246163,-0.38373438,0.88313985,-0.18709934,yt,87.83472442626953
1757660094.472664,-0.5423275,0.8680115,-0.14016731,-0.80303144,0.669273,0.23716436,-0.90761185,0.4463423,yt,12.150130271911621
1757660094.606773,-0.85679966,-0.61836386,-0.29538393,0.10246725,0.42793572,0.78326416,0.87614405,0.86397564,yt,12.046868324279785
1757660094.7322128,-0.032281563,0.18478501,-0.45389882,0.63732934,-0.789017,0.8760422,-0.89700043,0.8210685,yt,8.698556900024414
1757660094.8752046,0.85914403,0.21654607,-0.60977745,-0.86922294,-0.3499757,0.5424438,0.8716682,0.40761402,yt,120.94457244873047
1757660094.9964523,0.53686094,-0.6477249,-0.75131696,0.4149931,0.85313267,-0.11328228,-0.8828856,-0.17797305,yt,39.19203567504883
1757660095.1336489,-0.5312291,0.8396153,-0.8320777,0.3951061,0.20877126,-0.7047451,0.9132696,-0.7121374,yt,9.714045524597168
1757660095.2777395,-0.84606516,-0.86744446,-0.8844439,-0.8678729,-0.90476525,-0.92683077,-0.8749637,-0.8733103,yt,11.47518253326416
1757660095.4094138,-0.016896537,0.6568555,-0.90519965,0.6505656,-0.08452351,-0.5989069,0.9118615,-0.67230517,yt,8.751927375793457
1757660095.5461755,0.8792399,-0.23030253,-0.87889963,0.090363674,0.8522278,0.027699547,-0.8709465,-0.1548767,yt,244.57127380371094
1757660095.67506,0.53011984,-0.2421037,-0.86700505,-0.8019484,-0.12853014,0.62258285,0.8953514,0.47467625,yt,19.111820220947266
1757660095.8175015,-0.531397,0.7178204,-0.72762454,0.80245113,-0.9030244,0.86726993,-0.881265,0.8459205,yt,8.662578582763672
1757660095.951001,-0.8333471,-0.8502757,-0.66198134,-0.23921193,0.28575724,0.68390435,0.9132184,0.8437446,yt,9.497370719909668
1757660096.068858,-0.008868743,0.83315295,-0.49390456,-0.5778554,0.8222767,0.13220713,-0.89851546,0.40696785,yt,8.698426246643066
1757660096.2025127,0.8602984,-0.5954695,-0.34288004,0.90047437,-0.44305834,-0.57449913,0.926248,-0.19212545,yt,358.93353271484375
1757660096.3499339,0.53815377,0.20879257,-0.19097541,-0.52957827,-0.7098625,-0.8620314,-0.87321675,-0.70503134,yt,11.852229118347168
1757660096.4656296,-0.569967,0.27768007,0.05614879,-0.2529341,0.53463554,-0.7412504,0.8693038,-0.91746706,yt,9.785749435424805
1757660096.5928526,-0.8716849,-0.68239397,0.21787488,0.86237013,0.6576738,-0.20675533,-0.86721474,-0.64268404,yt,8.672797203063965
1757660096.727659,0.025039373,0.8898891,0.36936843,-0.7252551,-0.6759933,0.46199456,0.823504,-0.11630688,yt,8.874602317810059
1757660096.862717,0.84387463,-0.83969957,0.49122894,0.018990166,-0.57566404,0.8811696,-0.82194704,0.47799477,yt,338.8990173339844
1757660097.0022273,0.5107449,0.5783975,0.6489091,0.7108607,0.7379168,0.83517796,0.8393621,0.823076,yt,10.264847755432129
1757660097.1379402,-0.52316797,-0.17458849,0.7687323,-0.85528135,0.40784836,0.29895222,-0.8563524,0.8247598,yt,13.951058387756348
1757660097.2679684,-0.8748593,-0.282894,0.8673725,0.31950638,-0.8427602,-0.3794339,0.8346591,0.37889814,yt,10.356975555419922
1757660097.397942,-0.0047079804,0.665358,0.8988269,0.47342473,-0.25093085,-0.81894606,-0.84896624,-0.24398455,yt,10.599039077758789
1757660097.5228055,0.85933805,-0.9166339,0.88786745,-0.9318591,0.9002551,-0.83920956,0.8161855,-0.73619044,yt,224.87318420410156
1757660097.6654768,0.5055044,0.8615602,0.8749767,0.5904299,0.07761905,-0.4306425,-0.80781037,-0.87080455,yt,10.25926685333252
1757660097.786547,-0.54125595,-0.6195727,0.81135565,0.22248921,-0.8936252,0.22339705,0.81644887,-0.6252593,yt,18.109413146972656
1757660097.9221945,-0.8822289,0.12683333,0.725505,-0.8399245,0.033721805,0.7768991,-0.7554353,-0.04723685,yt,14.373031616210938
1757660098.070357,0.008340006,0.3359221,0.6044199,0.7617748,0.9174741,0.86994153,0.71637106,0.5228241,yt,17.5685977935791
1757660098.2005222,0.85965556,-0.67712176,0.4178413,-0.14063528,-0.17820777,0.48111928,-0.734393,0.88933045,yt,99.10987854003906
1757660098.3425064,0.51901186,0.9106952,0.24735734,-0.64415324,-0.8563255,-0.08226224,0.7163846,0.812829,yt,12.334945678710938
1757660098.4737673,-0.5533529,-0.831213,0.099752024,0.9086416,0.37894556,-0.7061496,-0.74625397,0.32231715,yt,17.366443634033203
1757660098.6096456,-0.8597017,0.50759625,-0.08036902,-0.40900677,0.8153305,-0.91189694,0.7163306,-0.28700846,yt,19.59759521484375
1757660098.7480085,-0.033579372,-0.08941733,-0.2424012,-0.35852256,-0.49991614,-0.5967649,-0.68169355,-0.76550806,yt,31.2362003326416
1757660098.896449,0.89553523,-0.34595653,-0.42390606,0.9062412,-0.7043878,0.04591315,0.63955534,-0.8887306,yt,44.09294891357422
1757660099.0193298,0.55487454,0.7092327,-0.58988476,-0.68916726,0.64162457,0.66528827,-0.69253194,-0.56712306,yt,20.096349716186523
1757660099.1534598,-0.5299928,-0.8627908,-0.70968795,-0.0972209,0.56926084,0.9421679,0.64544064,0.0007099621,yt,13.672048568725586
1757660099.2868416,-0.8446802,0.8203666,-0.79041255,0.77213,-0.7288474,0.6908502,-0.613531,0.605528,yt,19.400291442871094
1757660099.4103687,-0.000544176,-0.530351,-0.88227654,-0.859221,-0.4748197,0.1083823,0.58790135,0.87736094,yt,48.15581512451172
1757660099.532536,0.85807943,0.11290636,-0.921566,0.24407749,0.768493,-0.48992935,-0.596425,0.7879301,yt,19.458288192749023
1757660099.6747525,0.4795135,0.39405555,-0.9144405,0.56020653,0.33926538,-0.90433913,0.5948533,0.31135008,yt,41.5337028503418
1757660099.8066452,-0.5105296,-0.7473516,-0.84273916,-0.911404,-0.8367732,-0.77236474,-0.5433573,-0.3273772,yt,9.904693603515625
1757660099.939161,-0.8502217,0.91164273,-0.7939384,0.5061031,-0.18734674,-0.24009016,0.5294135,-0.78467333,yt,14.572819709777832
1757660100.0740333,0.005386196,-0.82096785,-0.65846074,0.25825608,0.90796036,0.45900527,-0.53523403,-0.9032356,yt,51.329689025878906
1757660100.2061725,0.85957515,0.5545736,-0.5180482,-0.8114467,0.026984656,0.87040955,0.4968671,-0.54540473,yt,14.422484397888184
1757660100.3293526,0.4954384,-0.08905563,-0.3470476,0.73092276,-0.9108877,0.77647877,-0.4851529,0.04548583,yt,90.05880737304688
1757660100.474305,-0.5692327,-0.3843942,-0.23415773,-0.018686196,0.15943342,0.3345319,0.4814857,0.60744375,yt,8.666117668151855
1757660100.5992947,-0.87724894,0.7429018,-0.0076776035,-0.6933595,0.8709697,-0.30919528,-0.47967473,0.9079342,yt,10.714985847473145
1757660100.726698,0.021867955,-0.8877849,0.08932933,0.9197903,-0.31000498,-0.78888774,0.43698856,0.76415473,yt,34.76271057128906
1757660100.864751,0.8405181,0.78019845,0.34425884,-0.37220445,-0.8048756,-0.8798173,-0.44482037,0.2763103,yt,14.676849365234375
1757660100.9974866,0.5623013,-0.47972414,0.46984732,-0.46321744,0.44055083,-0.40075558,0.3966813,-0.37706172,yt,155.50823974609375
1757660101.1224215,-0.51117766,0.12446471,0.6390537,0.8688826,0.7490306,0.24965142,-0.39761496,-0.835874,yt,9.859936714172363
1757660101.2472231,-0.89516467,0.39701718,0.7362512,-0.64676243,-0.57781416,0.7532302,0.3660332,-0.84696233,yt,8.698442459106445
1757660101.3835282,0.032683358,-0.75452197,0.8714921,-0.18656532,-0.639849,0.8729019,-0.34470457,-0.45690572,yt,19.856868743896484
1757660101.5407398,0.86182827,0.90470874,0.8781654,0.85273534,0.6892642,0.51425093,0.33941996,0.11018777,yt,18.602174758911133
1757660101.662254,0.5309347,-0.84277403,0.8947883,-0.8478128,0.51074034,-0.08054532,-0.31267878,0.67049426,yt,173.65003967285156
1757660101.7837152,-0.5068476,0.49845743,0.87156874,0.14439707,-0.75256294,-0.7228647,0.26833984,0.89827824,yt,11.961618423461914
1757660101.9270372,-0.85785323,-0.03627128,0.84269214,0.6308487,-0.38921803,-0.8852458,-0.2528646,0.70917165,yt,9.38289737701416
1757660102.071787,-0.030256987,-0.4465906,0.73935616,-0.93333155,0.83623433,-0.6166444,0.2297274,0.2283274,yt,11.452484130859375
1757660102.1984138,0.86118686,0.7820573,0.6206443,0.44788316,0.22004361,0.022455856,-0.23069859,-0.4276977,yt,31.72273826599121
1757660102.330517,0.5314686,-0.9005224,0.4844688,0.35313553,-0.8731351,0.6341101,0.18675406,-0.8280578,yt,122.36724090576172
1757660102.48632,-0.55555964,0.7827802,0.32387146,-0.90154046,-0.08490588,0.90216124,-0.15769443,-0.8462342,yt,12.716245651245117
1757660102.6251655,-0.8486432,-0.46484882,0.16000354,0.7005079,0.85321385,0.6847638,0.103275955,-0.44339797,yt,11.135476112365723
1757660102.7581222,0.020138247,0.002817135,-0.028827906,0.049508125,-0.06720932,0.11918221,-0.08483463,0.123973675,yt,9.026257514953613
1757660102.8811738,0.8443982,0.46558124,-0.19419634,-0.7592095,-0.89030135,-0.5407512,0.080396615,0.6564393,yt,69.19095611572266
1757660103.006374,0.5289543,-0.82213205,-0.4351818,0.85767335,0.22789235,-0.86353326,-0.05108836,0.9259208,yt,61.66261291503906
1757660103.130771,-0.535497,0.9390438,-0.5608978,-0.25904596,0.7934713,-0.7481215,0.035194375,0.6813767,yt,10.830979347229004
1757660103.2630346,-0.82256234,-0.7627994,-0.69496125,-0.5476358,-0.36400616,-0.22832654,-0.013463241,0.16466586,yt,12.267093658447266
1757660103.4128475,-0.0122876745,0.4140025,-0.7766611,0.8779522,-0.7861317,0.45424834,-0.052220162,-0.42508322,yt,8.67612361907959
1757660103.5307014,0.8567506,0.029755054,-0.8857671,-0.53679353,0.5343137,0.85036796,0.03300119,-0.83323914,yt,172.3950958251953
1757660103.6594515,0.50900966,-0.43283325,-0.9074535,-0.24759121,0.7003637,0.7971881,-0.025005791,-0.84321475,yt,26.2624568939209
1757660103.7923002,-0.54962146,0.78812736,-0.8850016,0.82022125,-0.654979,0.33577037,0.060992178,-0.40008727,yt,9.020852088928223
1757660103.9271674,-0.857879,-0.94887,-0.8556496,-0.7361805,-0.5723131,-0.34240106,-0.07534998,0.13926329,yt,10.663926124572754
1757660104.0708525,0.002676767,0.7984131,-0.7908033,0.05399542,0.75852287,-0.81861585,0.101539925,0.68265426,yt,8.765982627868652
1757660104.2046504,0.848074,-0.40576223,-0.71307814,0.67543495,0.4289374,-0.85031754,-0.1476,0.8981319,yt,313.7086486816406
1757660104.3328233,0.45991552,0.0042696865,-0.5848653,-0.8681481,-0.80811054,-0.46128267,0.17776904,0.6527255,yt,13.536198616027832
1757660104.4596024,-0.507223,0.4739288,-0.4318273,0.36897302,-0.27822587,0.24600361,-0.17081629,0.120832086,yt,8.998665809631348
1757660104.6060367,-0.9026222,-0.82770944,-0.2544435,0.4280635,0.8923555,0.7710028,0.19046979,-0.5094242,yt,8.8599214553833
1757660104.748587,-0.03800918,0.9073752,-0.054254856,-0.88579327,0.124737084,0.8976116,-0.2393353,-0.8556887,yt,8.66055965423584
1757660104.8975754,0.87961185,-0.73428196,0.09649517,0.6236373,-0.8915806,0.46219254,0.27025318,-0.848767,yt,374.2230529785156
1757660105.073459,0.5225391,0.41284433,0.27114093,0.16325057,0.02271688,-0.14729425,-0.24584082,-0.36824393,yt,10.686967849731445
1757660105.1972823,-0.55371696,0.03210283,0.4601741,-0.77235836,0.9208149,-0.70085144,0.26531905,0.2052537,yt,11.426119804382324
1757660105.321843,-0.8305587,-0.49974135,0.5543276,0.8342661,-0.17671643,-0.9167679,-0.27699053,0.7430559,yt,8.947369575500488
1757660105.445084,0.032776654,0.83211803,0.69054013,-0.20055313,-0.87263817,-0.6064152,0.3000598,0.9113287,yt,9.502477645874023
1757660105.5712578,0.8646649,-0.88743037,0.7960415,-0.62604797,0.3024752,0.013175396,-0.32921293,0.6400609,yt,296.7083435058594
1757660105.699201,0.5468023,0.74942607,0.8675803,0.9222368,0.821787,0.62031615,0.36854184,0.05179512,yt,10.052322387695312
1757660105.8212392,-0.52342093,-0.40672138,0.8686715,-0.46669883,-0.44593412,0.9156909,-0.37139055,-0.4947232,yt,16.681686401367188
1757660105.953793,-0.8414715,-0.060331512,0.86644363,-0.3602093,-0.6954127,0.6419751,0.4212397,-0.87718856,yt,12.305925369262695
1757660106.0834217,0.015622399,0.53838557,0.8340592,0.86414146,0.5977612,0.068745025,-0.38090947,-0.8166691,yt,13.311402320861816
1757660106.2209716,0.86885744,-0.8052894,0.7454682,-0.6830472,0.6151426,-0.5393357,0.4318213,-0.3312015,yt,152.32640075683594
1757660106.3552434,0.5583898,0.90088844,0.6184843,-0.052430727,-0.6882756,-0.8838099,-0.48919672,0.24021314,yt,11.13046932220459
1757660106.4888868,-0.55484957,-0.75144,0.55487317,0.7303794,-0.5283018,-0.7463054,0.50922513,0.77164006,yt,18.784984588623047
1757660106.6213284,-0.83662254,0.37747008,0.37200052,-0.8120115,0.7448992,-0.22167525,-0.5336019,0.89196306,yt,16.754985809326172
1757660106.7473896,0.007320292,0.0735365,0.17269,0.25615615,0.35277402,0.45820817,0.53878814,0.6192527,yt,23.693286895751953
1757660106.8788526,0.86322844,-0.5303248,0.010781136,0.48555672,-0.8609043,0.83059704,-0.5194549,0.04748676,yt,64.96717071533203
1757660107.031444,0.5324588,0.8380384,-0.1272809,-0.8633648,-0.23294039,0.8207742,0.5906129,-0.5341635,yt,15.222804069519043
1757660107.1769123,-0.52551556,-0.9136968,-0.3530302,0.5884621,0.8626919,0.3099526,-0.6021196,-0.86258227,yt,16.5496883392334
1757660107.3015625,-0.86957353,0.7153748,-0.5021103,0.23569137,0.047994755,-0.36980996,0.60107505,-0.793334,yt,20.695241928100586
1757660107.450869,-0.020991988,-0.30950806,-0.6245677,-0.8189806,-0.882745,-0.83539677,-0.58931106,-0.28708643,yt,42.66498565673828
1757660107.5940766,0.85393375,-0.12824495,-0.777625,0.7796375,0.07812401,-0.8656239,0.6012512,0.32513785,yt,27.684864044189453
1757660107.7324817,0.527954,0.600743,-0.8304952,-0.0418544,0.8927046,-0.40270394,-0.6459676,0.7834105,yt,29.195676803588867
1757660107.878645,-0.5200082,-0.82327,-0.88526654,-0.67914313,-0.2610452,0.28074917,0.64067197,0.8522391,yt,11.597399711608887
1757660108.0257447,-0.8807285,0.8915269,-0.93884784,0.9025701,-0.82805556,0.737521,-0.67168707,0.6101118,yt,18.452007293701172
1757660108.164441,-0.009179817,-0.7080735,-0.89482224,-0.41007456,0.4011939,0.87474823,0.6795996,0.0056063873,yt,55.207244873046875
1757660108.3057363,0.8620246,0.2982718,-0.81332487,-0.42323187,0.7728768,0.4933115,-0.70587575,-0.5965314,yt,17.75112533569336
1757660108.4148877,0.54350734,0.16094184,-0.7307736,0.8785936,-0.49794403,-0.10881778,0.684472,-0.859718,yt,65.87348937988281
1757660108.5432844,-0.56870127,-0.61041933,-0.5823928,-0.65258944,-0.6548402,-0.76086843,-0.7594841,-0.7137644,yt,8.945842742919922
1757660108.676211,-0.83693194,0.84021646,-0.49426454,-0.14334543,0.6335893,-0.85247827,0.77315396,-0.26889974,yt,12.24133586883545
1757660108.808102,0.03404746,-0.92095333,-0.25830022,0.8035323,0.5541281,-0.5778014,-0.771379,0.36258182,yt,48.90480041503906
1757660108.939748,0.89130205,0.7275562,-0.11853947,-0.8669375,-0.74636424,0.022181023,0.7454285,0.7984564,yt,13.850122451782227
